Date,Open,High,Low,Close,Volume
2013-08-02,2469.0,2470.0,2420.0,2445.0,5713239
2013-08-05,2490.0,2517.0,2454.0,2517.0,3935326
2013-08-06,2515.0,2525.0,2481.0,2490.0,2235937
2013-08-07,2490.0,2512.0,2465.0,2510.0,1904048
2013-08-08,2520.0,2520.0,2475.0,2484.0,1429160
2013-08-12,2485.0,2526.0,2472.0,2477.0,2887047
2013-08-13,2470.0,2490.0,2448.0,2475.0,3507055
2013-08-14,2471.0,2503.0,2464.0,2503.0,3124586
2013-08-15,2500.0,2500.0,2447.0,2463.0,4395714
2013-08-16,2461.0,2495.0,2446.0,2495.0,1582269
2013-08-19,2480.0,2481.0,2404.0,2430.0,4887442
2013-08-20,2424.0,2425.0,2343.0,2350.0,6778469
2013-08-21,2350.0,2379.0,2312.0,2320.0,5553693
2013-08-22,2303.0,2325.0,2251.0,2290.0,11382549
2013-08-23,2300.0,2359.0,2282.0,2359.0,6838850
2013-08-26,2355.0,2388.0,2340.0,2371.0,1908665
2013-08-27,2363.0,2383.0,2333.0,2382.0,3074379
2013-08-28,2361.0,2366.0,2305.0,2340.0,3351518
2013-08-29,2341.0,2380.0,2312.0,2330.0,4309261
2013-08-30,2312.0,2375.0,2312.0,2375.0,5249356
2013-09-02,2375.0,2458.0,2375.0,2441.0,4291029
2013-09-03,2445.0,2458.0,2365.0,2371.0,3883078
2013-09-04,2375.0,2388.0,2330.0,2340.0,3087224
2013-09-05,2340.0,2372.0,2325.0,2340.0,2923787
2013-09-06,2356.0,2436.0,2330.0,2415.0,5514614
2013-09-09,2424.0,2475.0,2390.0,2470.0,4375303
2013-09-10,2470.0,2475.0,2427.0,2457.0,5224949
2013-09-11,2467.0,2467.0,2430.0,2452.0,3597391
2013-09-12,2446.0,2486.0,2445.0,2457.0,4757918
2013-09-13,2455.0,2460.0,2416.0,2430.0,11163396
2013-09-16,2374.0,2423.0,2362.0,2423.0,6867856
2013-09-17,2438.0,2438.0,2375.0,2412.0,7108600
2013-09-18,2412.0,2423.0,2365.0,2368.0,11018550
2013-09-19,2451.0,2487.0,2427.0,2470.0,14556514
2013-09-20,2469.0,2490.0,2435.0,2465.0,12549668
2013-09-23,2433.0,2495.0,2433.0,2480.0,3006412
2013-09-25,2499.0,2538.0,2491.0,2516.0,7192429
2013-09-26,2510.0,2519.0,2484.0,2505.0,3490348
2013-09-27,2505.0,2515.0,2481.0,2504.0,2536587
2013-09-30,2460.0,2488.0,2460.0,2465.0,4475698
2013-10-01,2450.0,2489.0,2450.0,2483.0,2387402
2013-10-02,2468.0,2500.0,2459.0,2465.0,2832074
2013-10-03,2464.0,2495.0,2460.0,2470.0,2770253
2013-10-04,2466.0,2470.0,2450.0,2470.0,2254371
2013-10-07,2475.0,2498.0,2452.0,2475.0,2673074
2013-10-08,2471.0,2475.0,2430.0,2450.0,2560742
2013-10-09,2450.0,2467.0,2413.0,2430.0,6641733
2013-10-10,2423.0,2438.0,2410.0,2429.0,4303668
2013-10-11,2440.0,2470.0,2428.0,2460.0,5114719
2013-10-14,2455.0,2459.0,2432.0,2450.0,2408864
2013-10-15,2450.0,2490.0,2449.0,2485.0,2896729
2013-10-16,2490.0,2519.0,2471.0,2513.0,4404346
2013-10-17,2512.0,2532.0,2475.0,2532.0,4049541
2013-10-18,2532.0,2587.0,2521.0,2564.0,3759667
2013-10-21,2580.0,2580.0,2520.0,2551.0,2644866
2013-10-22,2569.0,2569.0,2500.0,2535.0,2681351
2013-10-23,2529.0,2549.0,2509.0,2534.0,1989658
2013-10-24,2553.0,2553.0,2524.0,2534.0,1399978
2013-10-25,2535.0,2563.0,2503.0,2545.0,3355309
2013-10-28,2550.0,2557.0,2519.0,2533.0,2672707
2013-10-29,2533.0,2533.0,2500.0,2517.0,2467524
2013-10-30,2520.0,2560.0,2505.0,2545.0,1556863
2013-10-31,2526.0,2560.0,2501.0,2550.0,3120379
2013-11-01,2550.0,2560.0,2492.0,2500.0,3336652
2013-11-04,2480.0,2490.0,2455.0,2466.0,3913154
2013-11-05,2466.0,2490.0,2463.0,2465.0,2368167
2013-11-06,2460.0,2494.0,2460.0,2480.0,3541243
2013-11-07,2477.0,2510.0,2470.0,2500.0,3453748
2013-11-08,2500.0,2505.0,2465.0,2475.0,3131471
2013-11-11,2461.0,2495.0,2395.0,2420.0,6141089
2013-11-12,2411.0,2428.0,2396.0,2405.0,1983352
2013-11-13,2401.0,2432.0,2369.0,2382.0,3740582
2013-11-14,2400.0,2430.0,2383.0,2383.0,1957214
2013-11-15,2438.0,2456.0,2383.0,2443.0,2725003
2013-11-18,2443.0,2470.0,2427.0,2470.0,2549219
2013-11-19,2475.0,2484.0,2440.0,2484.0,2243830
2013-11-20,2490.0,2521.0,2446.0,2500.0,3290518
2013-11-21,2500.0,2508.0,2399.0,2455.0,3418841
2013-11-22,2455.0,2467.0,2437.0,2455.0,2360638
2013-11-25,2455.0,2504.0,2455.0,2472.0,3510083
2013-11-26,2472.0,2472.0,2393.0,2393.0,4329273
2013-11-27,2400.0,2445.0,2400.0,2444.0,3264344
2013-11-28,2440.0,2465.0,2407.0,2429.0,1914788
2013-11-29,2440.0,2454.0,2390.0,2404.0,5133075
2013-12-02,2405.0,2425.0,2396.0,2404.0,1652519
2013-12-03,2404.0,2410.0,2326.0,2355.0,5197572
2013-12-04,2355.0,2364.0,2315.0,2341.0,5970995
2013-12-05,2341.0,2353.0,2326.0,2340.0,3278051
2013-12-06,2340.0,2374.0,2315.0,2340.0,3729467
2013-12-09,2340.0,2369.0,2327.0,2340.0,2511952
2013-12-10,2340.0,2343.0,2312.0,2337.0,3541261
2013-12-11,2325.0,2340.0,2307.0,2317.0,5013353
2013-12-12,2301.0,2317.0,2272.0,2272.0,5675958
2013-12-13,2275.0,2304.0,2255.0,2265.0,6664493
2013-12-17,2260.0,2320.0,2253.0,2294.0,4302948
2013-12-18,2294.0,2310.0,2270.0,2300.0,5577693
2013-12-19,2327.0,2353.0,2304.0,2330.0,13533358
2013-12-20,2330.0,2368.0,2328.0,2349.0,4622863
2013-12-23,2350.0,2381.0,2342.0,2370.0,2289187
2013-12-24,2389.0,2394.0,2360.0,2379.0,334783
2013-12-27,2379.0,2415.0,2370.0,2415.0,1557173
2013-12-30,2419.0,2438.0,2401.0,2438.0,1757209
2013-12-31,2429.0,2439.0,2421.0,2428.0,954555
2014-01-02,2439.0,2439.0,2375.0,2420.0,1430090
2014-01-03,2428.0,2428.0,2397.0,2405.0,1685675
2014-01-06,2365.0,2400.0,2352.0,2370.0,2096738
2014-01-07,2370.0,2397.0,2351.0,2397.0,2946017
2014-01-08,2404.0,2405.0,2360.0,2362.0,2609313
2014-01-09,2348.0,2400.0,2348.0,2355.0,3098083
2014-01-10,2376.0,2390.0,2343.0,2376.0,2431470
2014-01-13,2400.0,2420.0,2351.0,2420.0,2692888
2014-01-14,2372.0,2411.0,2351.0,2389.0,2221309
2014-01-15,2379.0,2414.0,2379.0,2400.0,1186312
2014-01-16,2400.0,2400.0,2345.0,2350.0,2867557
2014-01-17,2351.0,2376.0,2296.0,2316.0,4934468
2014-01-20,2317.0,2324.0,2273.0,2308.0,2857091
2014-01-21,2300.0,2343.0,2300.0,2330.0,3627015
2014-01-22,2330.0,2347.0,2321.0,2346.0,1602224
2014-01-23,2346.0,2346.0,2320.0,2332.0,6239402
2014-01-24,2320.0,2340.0,2270.0,2295.0,6465425
2014-01-27,2296.0,2313.0,2256.0,2280.0,6758961
2014-01-28,2255.0,2293.0,2255.0,2275.0,3361570
2014-01-29,2296.0,2296.0,2183.0,2210.0,4846614
2014-01-30,2181.0,2222.0,2143.0,2190.0,9052497
2014-01-31,2183.0,2200.0,2150.0,2195.0,10990629
2014-02-03,2176.0,2204.0,2176.0,2190.0,3825924
2014-02-04,2190.0,2233.0,2169.0,2198.0,5335310
2014-02-05,2182.0,2216.0,2182.0,2200.0,2954863
2014-02-06,2190.0,2259.0,2190.0,2259.0,5604800
2014-02-07,2259.0,2275.0,2232.0,2266.0,2274558
2014-02-10,2266.0,2329.0,2253.0,2297.0,5021525
2014-02-11,2300.0,2301.0,2228.0,2245.0,5313678
2014-02-12,2250.0,2290.0,2240.0,2275.0,2996360
2014-02-13,2275.0,2278.0,2234.0,2255.0,6468583
2014-02-14,2258.0,2275.0,2241.0,2254.0,4000617
2014-02-17,2250.0,2293.0,2221.0,2276.0,4207229
2014-02-18,2261.0,2283.0,2254.0,2275.0,2236393
2014-02-19,2275.0,2291.0,2250.0,2282.0,4852475
2014-02-20,2250.0,2266.0,2237.0,2240.0,4107056
2014-02-21,2266.0,2287.0,2240.0,2275.0,4795027
2014-02-24,2275.0,2296.0,2222.0,2230.0,4488461
2014-02-25,2230.0,2241.0,2209.0,2225.0,9029314
2014-02-26,2287.0,2287.0,2230.0,2280.0,3570156
2014-02-27,2280.0,2285.0,2250.0,2275.0,3257286
2014-02-28,2270.0,2350.0,2266.0,2350.0,10269112
2014-03-03,2277.0,2354.0,2277.0,2325.0,2782865
2014-03-04,2325.0,2373.0,2320.0,2344.0,4259685
2014-03-05,2373.0,2373.0,2316.0,2333.0,2014074
2014-03-06,2350.0,2350.0,2310.0,2324.0,3411353
2014-03-07,2330.0,2363.0,2303.0,2331.0,2498008
2014-03-10,2307.0,2349.0,2307.0,2329.0,2384963
2014-03-11,2340.0,2340.0,2310.0,2327.0,5907034
2014-03-12,2326.0,2328.0,2289.0,2312.0,3794770
2014-03-13,2329.0,2342.0,2294.0,2323.0,3295622
2014-03-14,2315.0,2331.0,2291.0,2308.0,2734186
2014-03-17,2311.0,2335.0,2303.0,2326.0,1963223
2014-03-18,2346.0,2397.0,2310.0,2392.0,6050966
2014-03-19,2380.0,2410.0,2369.0,2403.0,4515438
2014-03-20,2403.0,2409.0,2360.0,2393.0,11689311
2014-03-24,2335.0,2357.0,2304.0,2315.0,4652828
2014-03-25,2334.0,2398.0,2304.0,2398.0,4698064
2014-03-26,2395.0,2412.0,2331.0,2390.0,3538176
2014-03-27,2388.0,2489.0,2350.0,2489.0,6637091
2014-03-28,2484.0,2484.0,2443.0,2450.0,7122683
2014-03-31,2475.0,2475.0,2401.0,2440.0,4981264
2014-04-01,2440.0,2478.0,2419.0,2456.0,4053707
2014-04-02,2402.0,2477.0,2402.0,2420.0,5297638
2014-04-03,2411.0,2432.0,2401.0,2405.0,2316243
2014-04-04,2422.0,2422.0,2392.0,2412.0,3349733
2014-04-07,2425.0,2438.0,2406.0,2430.0,4640645
2014-04-08,2440.0,2444.0,2426.0,2436.0,4750981
2014-04-09,2430.0,2455.0,2420.0,2455.0,9445232
2014-04-10,2456.0,2500.0,2456.0,2490.0,5274574
2014-04-11,2485.0,2507.0,2457.0,2500.0,3161359
2014-04-14,2500.0,2500.0,2441.0,2455.0,8543924
2014-04-15,2465.0,2475.0,2425.0,2475.0,6026042
2014-04-16,2471.0,2476.0,2449.0,2463.0,3695572
2014-04-17,2470.0,2480.0,2445.0,2449.0,5185402
2014-04-22,2460.0,2469.0,2447.0,2450.0,16616330
2014-04-23,2460.0,2464.0,2447.0,2448.0,23850220
2014-04-24,2450.0,2473.0,2393.0,2435.0,21264565
2014-04-25,2425.0,2435.0,2405.0,2435.0,2688064
2014-04-29,2440.0,2449.0,2406.0,2438.0,6941573
2014-04-30,2440.0,2440.0,2427.0,2430.0,7778593
2014-05-02,2435.0,2440.0,2421.0,2430.0,5415195
2014-05-05,2435.0,2435.0,2401.0,2419.0,1701190
2014-05-06,2420.0,2430.0,2400.0,2430.0,2498110
2014-05-08,2430.0,2434.0,2419.0,2429.0,12563788
2014-05-09,2425.0,2457.0,2416.0,2435.0,5856956
2014-05-12,2430.0,2466.0,2405.0,2455.0,11493612
2014-05-13,2470.0,2480.0,2432.0,2442.0,3525450
2014-05-14,2465.0,2475.0,2440.0,2449.0,11225531
2014-05-15,2460.0,2460.0,2430.0,2442.0,5375128
2014-05-16,2450.0,2454.0,2430.0,2450.0,4363876
2014-05-19,2435.0,2454.0,2435.0,2440.0,4231875
2014-05-20,2440.0,2444.0,2385.0,2420.0,7547197
2014-05-21,2412.0,2418.0,2393.0,2415.0,4954566
2014-05-22,2420.0,2423.0,2393.0,2413.0,4287435
2014-05-23,2424.0,2425.0,2362.0,2401.0,5234776
2014-05-26,2404.0,2410.0,2390.0,2407.0,4171336
2014-05-27,2390.0,2420.0,2389.0,2389.0,4808538
2014-05-28,2380.0,2400.0,2371.0,2397.0,4768719
2014-05-29,2400.0,2417.0,2392.0,2400.0,3628612
2014-05-30,2407.0,2413.0,2343.0,2350.0,20355228
2014-06-02,2367.0,2384.0,2348.0,2376.0,3070387
2014-06-03,2375.0,2382.0,2337.0,2372.0,3869017
2014-06-04,2360.0,2388.0,2359.0,2376.0,2894914
2014-06-05,2375.0,2416.0,2375.0,2404.0,4254570
2014-06-06,2415.0,2415.0,2395.0,2409.0,4510974
2014-06-09,2410.0,2410.0,2381.0,2407.0,2446786
2014-06-10,2408.0,2408.0,2396.0,2399.0,5695163
2014-06-11,2397.0,2400.0,2370.0,2389.0,4790315
2014-06-12,2380.0,2387.0,2364.0,2375.0,4166409
2014-06-13,2356.0,2380.0,2337.0,2379.0,3982658
2014-06-17,2390.0,2428.0,2379.0,2425.0,5069424
2014-06-18,2420.0,2428.0,2386.0,2427.0,4267308
2014-06-19,2428.0,2461.0,2400.0,2429.0,10954275
2014-06-20,2430.0,2458.0,2413.0,2450.0,12781311
2014-06-23,2455.0,2455.0,2429.0,2455.0,4524827
2014-06-24,2450.0,2450.0,2436.0,2450.0,1725833
2014-06-25,2452.0,2461.0,2422.0,2430.0,3483973
2014-06-26,2445.0,2450.0,2415.0,2440.0,1563716
2014-06-27,2450.0,2470.0,2436.0,2458.0,3067128
2014-06-30,2464.0,2486.0,2452.0,2473.0,4009611
2014-07-01,2470.0,2490.0,2456.0,2490.0,2742921
2014-07-02,2488.0,2495.0,2458.0,2466.0,5158755
2014-07-03,2466.0,2472.0,2435.0,2445.0,3144467
2014-07-04,2445.0,2453.0,2432.0,2448.0,2302748
2014-07-07,2448.0,2448.0,2409.0,2431.0,4487975
2014-07-08,2429.0,2455.0,2419.0,2435.0,2587761
2014-07-09,2420.0,2451.0,2418.0,2451.0,1834945
2014-07-10,2450.0,2450.0,2420.0,2428.0,3193256
2014-07-11,2430.0,2440.0,2424.0,2430.0,2932609
2014-07-14,2449.0,2449.0,2409.0,2432.0,2371160
2014-07-15,2439.0,2439.0,2413.0,2430.0,2755385
2014-07-16,2420.0,2439.0,2416.0,2426.0,2527099
2014-07-17,2417.0,2435.0,2409.0,2435.0,1819323
2014-07-18,2425.0,2434.0,2408.0,2410.0,4106970
2014-07-21,2409.0,2429.0,2400.0,2416.0,2530602
2014-07-22,2416.0,2444.0,2413.0,2435.0,3297045
2014-07-23,2440.0,2464.0,2425.0,2460.0,1614642
2014-07-24,2449.0,2479.0,2443.0,2467.0,2699067
2014-07-25,2467.0,2494.0,2457.0,2494.0,1857241
2014-07-28,2494.0,2510.0,2468.0,2510.0,2820042
2014-07-29,2519.0,2525.0,2486.0,2490.0,1952622
2014-07-30,2476.0,2501.0,2471.0,2492.0,2023627
2014-07-31,2471.0,2504.0,2460.0,2482.0,2949167
2014-08-01,2470.0,2481.0,2449.0,2465.0,2789613
2014-08-04,2458.0,2465.0,2439.0,2450.0,5967979
2014-08-05,2444.0,2470.0,2435.0,2456.0,2970904
2014-08-06,2429.0,2453.0,2415.0,2429.0,3502299
2014-08-07,2429.0,2438.0,2410.0,2412.0,4785279
2014-08-08,2405.0,2434.0,2388.0,2434.0,2650958
2014-08-11,2449.0,2489.0,2441.0,2479.0,5098351
2014-08-12,2479.0,2510.0,2473.0,2507.0,4112443
2014-08-13,2508.0,2527.0,2474.0,2527.0,6672175
2014-08-14,2527.0,2581.0,2524.0,2547.0,4639268
2014-08-15,2545.0,2575.0,2534.0,2551.0,4195719
2014-08-18,2561.0,2623.0,2558.0,2572.0,9294556
2014-08-19,2590.0,2592.0,2546.0,2559.0,5506149
2014-08-20,2564.0,2564.0,2498.0,2549.0,6931160
2014-08-21,2559.0,2581.0,2527.0,2568.0,9793552
2014-08-22,2566.0,2588.0,2552.0,2568.0,4380678
2014-08-25,2570.0,2583.0,2558.0,2568.0,2287728
2014-08-26,2570.0,2580.0,2561.0,2579.0,5502363
2014-08-27,2600.0,2604.0,2542.0,2554.0,4791368
2014-08-28,2555.0,2555.0,2502.0,2520.0,8228841
2014-08-29,2509.0,2521.0,2489.0,2520.0,8252535
2014-09-01,2520.0,2538.0,2505.0,2516.0,5471009
2014-09-02,2516.0,2567.0,2516.0,2565.0,4888023
2014-09-03,2555.0,2588.0,2545.0,2580.0,4172609
2014-09-04,2585.0,2623.0,2556.0,2620.0,5612014
2014-09-05,2622.0,2625.0,2549.0,2582.0,7502714
2014-09-08,2580.0,2610.0,2568.0,2581.0,4089572
2014-09-09,2564.0,2587.0,2555.0,2585.0,3874319
2014-09-10,2556.0,2588.0,2550.0,2565.0,4379864
2014-09-11,2560.0,2581.0,2556.0,2563.0,4521863
2014-09-12,2573.0,2623.0,2563.0,2600.0,6669474
2014-09-15,2515.0,2524.0,2493.0,2517.0,6478390
2014-09-16,2512.0,2515.0,2457.0,2479.0,5001927
2014-09-17,2500.0,2518.0,2480.0,2492.0,9108325
2014-09-18,2491.0,2528.0,2490.0,2519.0,10416776
2014-09-19,2519.0,2520.0,2491.0,2513.0,5570409
2014-09-22,2512.0,2513.0,2438.0,2445.0,4467571
2014-09-23,2445.0,2455.0,2420.0,2431.0,4664530
2014-09-25,2459.0,2479.0,2396.0,2419.0,4135067
2014-09-26,2419.0,2467.0,2406.0,2467.0,4918736
2014-09-29,2462.0,2520.0,2454.0,2463.0,4707175
2014-09-30,2460.0,2474.0,2443.0,2464.0,5569532
2014-10-01,2461.0,2464.0,2428.0,2443.0,2914412
2014-10-02,2443.0,2451.0,2401.0,2411.0,3465485
2014-10-03,2409.0,2439.0,2398.0,2400.0,3381216
2014-10-06,2430.0,2439.0,2396.0,2416.0,5805324
2014-10-07,2400.0,2424.0,2399.0,2419.0,2787068
2014-10-08,2400.0,2418.0,2380.0,2405.0,4500528
2014-10-09,2425.0,2435.0,2406.0,2406.0,5682720
2014-10-10,2380.0,2424.0,2379.0,2390.0,4440005
2014-10-13,2388.0,2430.0,2375.0,2415.0,4541104
2014-10-14,2406.0,2415.0,2375.0,2403.0,2738117
2014-10-15,2417.0,2422.0,2375.0,2388.0,6161981
2014-10-16,2386.0,2400.0,2351.0,2396.0,5024557
2014-10-17,2391.0,2426.0,2381.0,2426.0,4707591
2014-10-20,2414.0,2447.0,2414.0,2425.0,3305937
2014-10-21,2408.0,2465.0,2406.0,2465.0,5396638
2014-10-22,2475.0,2475.0,2421.0,2437.0,3138623
2014-10-23,2439.0,2480.0,2415.0,2480.0,3500893
2014-10-24,2460.0,2520.0,2460.0,2520.0,4971684
2014-10-27,2520.0,2531.0,2495.0,2525.0,4965397
2014-10-28,2530.0,2598.0,2455.0,2598.0,4617457
2014-10-29,2575.0,2612.0,2538.0,2610.0,3942979
2014-10-30,2605.0,2625.0,2588.0,2625.0,5145539
2014-10-31,2630.0,2675.0,2613.0,2675.0,5984660
2014-11-03,2644.0,2675.0,2630.0,2648.0,5216445
2014-11-04,2670.0,2670.0,2635.0,2642.0,7899180
2014-11-05,2667.0,2667.0,2630.0,2642.0,4736210
2014-11-06,2635.0,2641.0,2620.0,2641.0,4978151
2014-11-07,2648.0,2650.0,2613.0,2624.0,4337673
2014-11-10,2624.0,2649.0,2574.0,2618.0,5816710
2014-11-11,2638.0,2639.0,2615.0,2633.0,4544005
2014-11-12,2641.0,2641.0,2605.0,2620.0,5525995
2014-11-13,2620.0,2650.0,2600.0,2649.0,6556546
2014-11-14,2649.0,2649.0,2623.0,2644.0,2916410
2014-11-17,2640.0,2657.0,2627.0,2640.0,2315647
2014-11-18,2640.0,2642.0,2609.0,2629.0,3054200
2014-11-19,2618.0,2640.0,2618.0,2640.0,3812329
2014-11-20,2640.0,2648.0,2620.0,2625.0,5191166
2014-11-21,2645.0,2712.0,2625.0,2708.0,5198696
2014-11-24,2708.0,2737.0,2680.0,2692.0,4982838
2014-11-25,2698.0,2709.0,2666.0,2705.0,6068072
2014-11-26,2705.0,2707.0,2670.0,2694.0,2768306
2014-11-27,2681.0,2733.0,2675.0,2719.0,4649054
2014-11-28,2739.0,2776.0,2717.0,2769.0,6192011
2014-12-01,2755.0,2755.0,2676.0,2721.0,7768591
2014-12-02,2730.0,2730.0,2706.0,2720.0,5794950
2014-12-03,2711.0,2721.0,2682.0,2709.0,3282987
2014-12-04,2708.0,2715.0,2637.0,2667.0,6060971
2014-12-05,2682.0,2682.0,2633.0,2650.0,5991153
2014-12-08,2627.0,2643.0,2619.0,2643.0,4139714
2014-12-09,2615.0,2657.0,2592.0,2600.0,5287230
2014-12-10,2601.0,2648.0,2571.0,2571.0,4747047
2014-12-11,2551.0,2637.0,2524.0,2524.0,6618584
2014-12-12,2506.0,2545.0,2495.0,2533.0,5226871
2014-12-15,2545.0,2590.0,2507.0,2533.0,5887306
2014-12-17,2509.0,2641.0,2509.0,2641.0,9066347
2014-12-18,2649.0,2728.0,2614.0,2723.0,17035238
2014-12-19,2740.0,2750.0,2663.0,2700.0,8298074
2014-12-22,2700.0,2713.0,2650.0,2681.0,2584578
2014-12-23,2678.0,2725.0,2665.0,2720.0,2455090
2014-12-24,2702.0,2725.0,2698.0,2698.0,368167
2014-12-29,2710.0,2754.0,2706.0,2754.0,1839447
2014-12-30,2758.0,2770.0,2740.0,2762.0,1741070
2014-12-31,2770.0,2770.0,2737.0,2749.0,531385
2015-01-02,2760.0,2770.0,2700.0,2713.0,1564424
2015-01-05,2711.0,2723.0,2621.0,2621.0,3329670
2015-01-06,2637.0,2725.0,2637.0,2720.0,5186242
2015-01-07,2701.0,2741.0,2674.0,2741.0,2532372
2015-01-08,2750.0,2795.0,2701.0,2775.0,3989434
2015-01-09,2786.0,2795.0,2742.0,2758.0,4266569
2015-01-12,2725.0,2776.0,2717.0,2752.0,2143382
2015-01-13,2750.0,2797.0,2730.0,2775.0,3401250
2015-01-14,2775.0,2784.0,2726.0,2758.0,4004363
2015-01-15,2785.0,2785.0,2707.0,2764.0,4307868
2015-01-16,2737.0,2788.0,2737.0,2743.0,4774658
2015-01-19,2750.0,2810.0,2749.0,2809.0,3734793
2015-01-20,2809.0,2828.0,2792.0,2810.0,2556404
2015-01-21,2802.0,2894.0,2796.0,2881.0,5213207
2015-01-22,2895.0,2924.0,2864.0,2911.0,5839491
2015-01-23,2915.0,2974.0,2888.0,2943.0,4484046
2015-01-26,2945.0,3050.0,2924.0,3040.0,8007384
2015-01-27,3025.0,3045.0,2981.0,2999.0,7282701
2015-01-28,3000.0,3000.0,2955.0,3000.0,4372279
2015-01-29,3000.0,3006.0,2930.0,2984.0,8831014
2015-01-30,2961.0,3000.0,2930.0,2930.0,9373388
2015-02-02,2930.0,2980.0,2912.0,2963.0,2741618
2015-02-03,2990.0,2995.0,2930.0,2970.0,2575268
2015-02-04,2973.0,2973.0,2890.0,2920.0,4652308
2015-02-05,2920.0,2966.0,2920.0,2950.0,3578682
2015-02-06,2955.0,2969.0,2940.0,2956.0,2819524
2015-02-09,2958.0,2982.0,2906.0,2978.0,4294461
2015-02-10,2950.0,3006.0,2921.0,2925.0,10091912
2015-02-11,2925.0,2950.0,2885.0,2904.0,4043946
2015-02-12,2904.0,2975.0,2904.0,2966.0,4357872
2015-02-13,2969.0,2979.0,2943.0,2965.0,3203245
2015-02-16,2978.0,2978.0,2941.0,2965.0,1585654
2015-02-17,2965.0,2965.0,2900.0,2908.0,6205381
2015-02-18,2940.0,2951.0,2846.0,2866.0,6824588
2015-02-19,2900.0,2908.0,2853.0,2860.0,4429850
2015-02-20,2860.0,2890.0,2837.0,2850.0,4954021
2015-02-23,2858.0,2936.0,2858.0,2935.0,6837268
2015-02-24,2912.0,2945.0,2910.0,2918.0,3767096
2015-02-25,2930.0,2980.0,2921.0,2960.0,6890318
2015-02-26,2966.0,2966.0,2938.0,2961.0,3694458
2015-02-27,2966.0,2974.0,2951.0,2968.0,6010712
2015-03-02,2974.0,2980.0,2952.0,2965.0,2730872
2015-03-03,2975.0,2980.0,2933.0,2965.0,3593538
2015-03-04,2963.0,2975.0,2910.0,2923.0,4275516
2015-03-05,2930.0,2965.0,2917.0,2960.0,9516705
2015-03-06,2940.0,2976.0,2823.0,2872.0,6818981
2015-03-09,2820.0,2861.0,2764.0,2764.0,7950713
2015-03-10,2764.0,2823.0,2750.0,2794.0,6433176
2015-03-11,2800.0,2816.0,2772.0,2795.0,5538928
2015-03-12,2795.0,2827.0,2731.0,2785.0,6550477
2015-03-13,2785.0,2850.0,2765.0,2794.0,4443774
2015-03-16,2795.0,2830.0,2772.0,2808.0,2884528
2015-03-17,2808.0,2836.0,2781.0,2835.0,5590516
2015-03-18,2830.0,2859.0,2806.0,2855.0,4949340
2015-03-19,2880.0,2905.0,2810.0,2810.0,12964152
2015-03-20,2834.0,2900.0,2800.0,2850.0,11639439
2015-03-23,2800.0,2800.0,2730.0,2750.0,5024119
2015-03-24,2750.0,2844.0,2718.0,2830.0,4515210
2015-03-25,2835.0,2843.0,2775.0,2792.0,5380633
2015-03-26,2775.0,2804.0,2740.0,2790.0,6365454
2015-03-27,2790.0,2803.0,2757.0,2800.0,4155368
2015-03-30,2800.0,2875.0,2799.0,2818.0,6152174
2015-03-31,2820.0,2876.0,2817.0,2867.0,8434532
2015-04-01,2846.0,2866.0,2831.0,2866.0,6207865
2015-04-02,2870.0,2884.0,2843.0,2843.0,3037652
2015-04-07,2875.0,2884.0,2847.0,2856.0,3163663
2015-04-08,2846.0,2867.0,2827.0,2835.0,3886814
2015-04-09,2860.0,2860.0,2840.0,2840.0,3904309
2015-04-10,2841.0,2859.0,2835.0,2835.0,3698419
2015-04-13,2845.0,2895.0,2835.0,2893.0,5505290
2015-04-14,2870.0,2891.0,2822.0,2831.0,7191595
2015-04-15,2845.0,2876.0,2838.0,2869.0,3236673
2015-04-16,2871.0,2884.0,2846.0,2863.0,3889440
2015-04-17,2863.0,2882.0,2836.0,2882.0,10135345
2015-04-20,2830.0,2838.0,2786.0,2814.0,5713371
2015-04-21,2814.0,2854.0,2813.0,2839.0,6847435
2015-04-22,2845.0,2853.0,2816.0,2820.0,6993016
2015-04-23,2840.0,2840.0,2808.0,2833.0,5461713
2015-04-24,2826.0,2843.0,2787.0,2793.0,6449296
2015-04-28,2795.0,2810.0,2789.0,2806.0,7863307
2015-04-29,2806.0,2829.0,2785.0,2805.0,7840882
2015-04-30,2800.0,2815.0,2779.0,2791.0,10569029
2015-05-04,2815.0,2815.0,2714.0,2719.0,6588664
2015-05-05,2718.0,2726.0,2692.0,2700.0,6710067
2015-05-06,2690.0,2703.0,2576.0,2607.0,13757344
2015-05-07,2584.0,2617.0,2560.0,2600.0,14821729
2015-05-08,2610.0,2620.0,2585.0,2611.0,7791440
2015-05-11,2612.0,2619.0,2579.0,2589.0,5300306
2015-05-12,2586.0,2595.0,2562.0,2592.0,5652498
2015-05-13,2600.0,2639.0,2576.0,2625.0,13407349
2015-05-14,2628.0,2643.0,2599.0,2608.0,6312404
2015-05-15,2608.0,2622.0,2607.0,2611.0,3723753
2015-05-18,2626.0,2626.0,2603.0,2618.0,6105406
2015-05-19,2603.0,2629.0,2603.0,2618.0,7443662
2015-05-20,2618.0,2639.0,2603.0,2625.0,9384971
2015-05-21,2625.0,2641.0,2618.0,2618.0,4647344
2015-05-22,2618.0,2620.0,2607.0,2608.0,4543264
2015-05-25,2622.0,2623.0,2588.0,2610.0,2852440
2015-05-26,2608.0,2622.0,2566.0,2607.0,11381059
2015-05-27,2607.0,2608.0,2584.0,2608.0,6325675
2015-05-28,2590.0,2604.0,2574.0,2574.0,13169312
2015-05-29,2577.0,2584.0,2554.0,2579.0,10577712
2015-06-01,2579.0,2579.0,2500.0,2521.0,7251876
2015-06-02,2520.0,2522.0,2464.0,2495.0,11709946
2015-06-03,2514.0,2523.0,2483.0,2515.0,8190128
2015-06-04,2501.0,2525.0,2470.0,2500.0,5793302
2015-06-05,2480.0,2508.0,2480.0,2495.0,6815316
2015-06-08,2495.0,2522.0,2485.0,2504.0,7258299
2015-06-09,2500.0,2508.0,2458.0,2474.0,6177681
2015-06-10,2492.0,2516.0,2476.0,2502.0,8898982
2015-06-11,2505.0,2533.0,2500.0,2515.0,9310600
2015-06-12,2523.0,2562.0,2500.0,2551.0,13172139
2015-06-15,2537.0,2589.0,2525.0,2548.0,7813813
2015-06-17,2506.0,2562.0,2506.0,2544.0,12510707
2015-06-18,2544.0,2585.0,2544.0,2576.0,30843493
2015-06-19,2575.0,2581.0,2550.0,2575.0,16472084
2015-06-22,2576.0,2577.0,2553.0,2564.0,3578752
2015-06-23,2569.0,2610.0,2569.0,2600.0,9086179
2015-06-24,2591.0,2629.0,2591.0,2610.0,5166363
2015-06-25,2610.0,2635.0,2601.0,2624.0,8612245
2015-06-26,2627.0,2646.0,2603.0,2603.0,6488302
2015-06-29,2590.0,2596.0,2525.0,2586.0,6420857
2015-06-30,2580.0,2646.0,2580.0,2646.0,8096313
2015-07-01,2646.0,2646.0,2590.0,2612.0,4596040
2015-07-02,2612.0,2638.0,2609.0,2626.0,4174729
2015-07-03,2624.0,2638.0,2610.0,2619.0,1811427
2015-07-06,2618.0,2620.0,2580.0,2602.0,4346317
2015-07-07,2615.0,2617.0,2591.0,2610.0,5950878
2015-07-08,2590.0,2618.0,2576.0,2600.0,7043841
2015-07-09,2602.0,2680.0,2592.0,2677.0,14438914
2015-07-10,2690.0,2725.0,2676.0,2693.0,7139997
2015-07-13,2700.0,2725.0,2696.0,2714.0,6637479
2015-07-14,2720.0,2721.0,2679.0,2713.0,6349259
2015-07-15,2701.0,2746.0,2698.0,2728.0,13225451
2015-07-16,2745.0,2795.0,2736.0,2777.0,6636954
2015-07-17,2776.0,2807.0,2766.0,2794.0,4508510
2015-07-20,2775.0,2800.0,2756.0,2770.0,11703281
2015-07-21,2786.0,2788.0,2749.0,2778.0,3500096
2015-07-22,2766.0,2793.0,2756.0,2784.0,10444002
2015-07-23,2790.0,2794.0,2740.0,2779.0,5857093
2015-07-24,2781.0,2789.0,2719.0,2740.0,4271138
2015-07-27,2743.0,2780.0,2730.0,2770.0,4340967
2015-07-28,2777.0,2782.0,2753.0,2775.0,9057767
2015-07-29,2785.0,2785.0,2701.0,2770.0,6961714
2015-07-30,2785.0,2790.0,2747.0,2770.0,5479573
2015-07-31,2752.0,2772.0,2721.0,2772.0,12123094
2015-08-03,2766.0,2808.0,2761.0,2790.0,4677198
2015-08-04,2790.0,2821.0,2769.0,2803.0,7670793
2015-08-05,2810.0,2812.0,2780.0,2807.0,5724269
2015-08-06,2808.0,2850.0,2764.0,2828.0,7094239
2015-08-07,2816.0,2833.0,2808.0,2826.0,4022829
2015-08-11,2826.0,2850.0,2775.0,2840.0,6637104
2015-08-12,2830.0,2840.0,2745.0,2758.0,7070740
2015-08-13,2788.0,2795.0,2692.0,2724.0,7794907
2015-08-14,2728.0,2732.0,2671.0,2698.0,4467264
2015-08-17,2702.0,2742.0,2688.0,2735.0,5216347
2015-08-18,2740.0,2775.0,2690.0,2754.0,6385204
2015-08-19,2753.0,2761.0,2663.0,2698.0,10021789
2015-08-20,2683.0,2684.0,2616.0,2669.0,7007509
2015-08-21,2644.0,2659.0,2620.0,2628.0,5389381
2015-08-24,2588.0,2643.0,2526.0,2582.0,5853585
2015-08-25,2617.0,2651.0,2549.0,2575.0,13991953
2015-08-26,2559.0,2600.0,2530.0,2533.0,11771528
2015-08-27,2550.0,2595.0,2550.0,2594.0,11104999
2015-08-28,2607.0,2608.0,2572.0,2602.0,5275592
2015-08-31,2578.0,2616.0,2553.0,2616.0,6827175
2015-09-01,2598.0,2599.0,2551.0,2561.0,5991120
2015-09-02,2561.0,2580.0,2553.0,2570.0,8466726
2015-09-03,2580.0,2582.0,2559.0,2570.0,4240523
2015-09-04,2550.0,2563.0,2522.0,2530.0,6036414
2015-09-07,2531.0,2549.0,2481.0,2501.0,6676232
2015-09-08,2502.0,2545.0,2500.0,2545.0,4486282
2015-09-09,2558.0,2581.0,2523.0,2530.0,5578985
2015-09-10,2526.0,2565.0,2516.0,2565.0,4368828
2015-09-11,2553.0,2561.0,2530.0,2560.0,5774783
2015-09-14,2549.0,2582.0,2508.0,2578.0,17363182
2015-09-15,2554.0,2579.0,2535.0,2555.0,5933581
2015-09-16,2560.0,2577.0,2517.0,2577.0,8065761
2015-09-17,2591.0,2660.0,2589.0,2650.0,15447316
2015-09-18,2650.0,2688.0,2634.0,2665.0,9770476
2015-09-21,2652.0,2675.0,2615.0,2618.0,6209503
2015-09-22,2635.0,2674.0,2615.0,2615.0,5814997
2015-09-23,2606.0,2650.0,2595.0,2597.0,6308371
2015-09-25,2596.0,2609.0,2559.0,2597.0,6767379
2015-09-28,2584.0,2592.0,2542.0,2563.0,4178314
2015-09-29,2546.0,2594.0,2537.0,2594.0,5080094
2015-09-30,2599.0,2604.0,2560.0,2565.0,7588023
2015-10-01,2581.0,2609.0,2559.0,2560.0,5645278
2015-10-02,2569.0,2590.0,2546.0,2561.0,7838992
2015-10-05,2583.0,2648.0,2576.0,2640.0,5761245
2015-10-06,2621.0,2644.0,2600.0,2603.0,5413386
2015-10-07,2629.0,2648.0,2561.0,2565.0,5756868
2015-10-08,2565.0,2600.0,2524.0,2566.0,5883337
2015-10-09,2570.0,2578.0,2525.0,2533.0,8015728
2015-10-12,2552.0,2569.0,2505.0,2515.0,8601676
2015-10-13,2515.0,2525.0,2483.0,2501.0,6655417
2015-10-14,2490.0,2519.0,2477.0,2485.0,5069908
2015-10-15,2486.0,2536.0,2485.0,2522.0,7037553
2015-10-16,2532.0,2542.0,2510.0,2510.0,8631918
2015-10-19,2508.0,2579.0,2508.0,2579.0,6713952
2015-10-20,2577.0,2595.0,2553.0,2585.0,5766438
2015-10-21,2581.0,2596.0,2506.0,2550.0,4351641
2015-10-22,2547.0,2595.0,2547.0,2575.0,2564693
2015-10-23,2580.0,2620.0,2574.0,2600.0,6039285
2015-10-26,2588.0,2640.0,2575.0,2635.0,5005593
2015-10-27,2594.0,2624.0,2579.0,2610.0,7097795
2015-10-28,2610.0,2640.0,2580.0,2610.0,3844364
2015-10-29,2591.0,2597.0,2526.0,2530.0,10213479
2015-10-30,2565.0,2589.0,2535.0,2537.0,6932953
2015-11-02,2550.0,2565.0,2524.0,2545.0,3226767
2015-11-03,2557.0,2580.0,2530.0,2555.0,4034328
2015-11-04,2580.0,2580.0,2513.0,2544.0,4347185
2015-11-05,2546.0,2557.0,2517.0,2543.0,6292502
2015-11-06,2550.0,2552.0,2501.0,2525.0,4087384
2015-11-09,2529.0,2557.0,2488.0,2494.0,3693700
2015-11-10,2505.0,2505.0,2452.0,2481.0,10057615
2015-11-11,2489.0,2489.0,2458.0,2485.0,7887065
2015-11-12,2465.0,2490.0,2457.0,2480.0,5051757
2015-11-13,2475.0,2476.0,2450.0,2458.0,12903127
2015-11-16,2450.0,2489.0,2411.0,2440.0,4412752
2015-11-17,2445.0,2471.0,2420.0,2420.0,8045637
2015-11-18,2429.0,2439.0,2360.0,2396.0,12022702
2015-11-19,2404.0,2467.0,2404.0,2459.0,6361821
2015-11-20,2460.0,2491.0,2447.0,2459.0,5885740
2015-11-23,2459.0,2485.0,2431.0,2465.0,3730808
2015-11-24,2459.0,2459.0,2415.0,2441.0,3226072
2015-11-25,2456.0,2459.0,2430.0,2459.0,4082819
2015-11-26,2450.0,2469.0,2427.0,2427.0,3829800
2015-11-27,2427.0,2450.0,2410.0,2413.0,3354971
2015-11-30,2408.0,2465.0,2406.0,2413.0,12127210
2015-12-01,2410.0,2452.0,2394.0,2413.0,6599327
2015-12-02,2390.0,2445.0,2380.0,2393.0,6431692
2015-12-03,2385.0,2395.0,2340.0,2360.0,8749655
2015-12-04,2350.0,2374.0,2330.0,2338.0,12907353
2015-12-07,2336.0,2394.0,2336.0,2370.0,9798415
2015-12-08,2393.0,2393.0,2323.0,2350.0,9674466
2015-12-09,2341.0,2401.0,2341.0,2389.0,6319929
2015-12-10,2306.0,2310.0,2058.0,2150.0,20326783
2015-12-11,2150.0,2164.0,1796.0,1981.0,25271261
2015-12-14,2323.0,2376.0,2174.0,2198.0,14144782
2015-12-15,2200.0,2259.0,2102.0,2219.0,6811307
2015-12-17,2290.0,2346.0,2220.0,2308.0,25407816
2015-12-18,2300.0,2317.0,2228.0,2230.0,11053436
2015-12-21,2215.0,2321.0,2215.0,2308.0,3603030
2015-12-22,2349.0,2349.0,2298.0,2329.0,2797846
2015-12-23,2350.0,2375.0,2309.0,2366.0,3535254
2015-12-24,2372.0,2397.0,2357.0,2375.0,1013880
2015-12-28,2386.0,2405.0,2341.0,2390.0,2711985
2015-12-29,2394.0,2400.0,2325.0,2359.0,3174935
2015-12-30,2400.0,2448.0,2345.0,2345.0,1749721
2015-12-31,2333.0,2357.0,2309.0,2323.0,1809995
2016-01-04,2310.0,2310.0,2204.0,2219.0,6440363
2016-01-05,2235.0,2300.0,2219.0,2283.0,3552028
2016-01-06,2225.0,2301.0,2225.0,2298.0,7356866
2016-01-07,2250.0,2250.0,2151.0,2215.0,16537122
2016-01-08,2290.0,2290.0,2200.0,2249.0,3470561
2016-01-11,2200.0,2248.0,2076.0,2205.0,9323892
2016-01-12,2248.0,2324.0,2175.0,2287.0,8000742
2016-01-13,2241.0,2348.0,2241.0,2310.0,5674016
2016-01-14,2250.0,2304.0,2232.0,2264.0,7910322
2016-01-15,2268.0,2268.0,2175.0,2180.0,9929718
2016-01-18,2225.0,2250.0,2152.0,2160.0,12106412
2016-01-19,2165.0,2212.0,2160.0,2190.0,7987487
2016-01-20,2150.0,2196.0,2142.0,2175.0,9818171
2016-01-21,2150.0,2184.0,2102.0,2172.0,8680621
2016-01-22,2175.0,2215.0,2167.0,2200.0,9152011
2016-01-25,2200.0,2224.0,2182.0,2200.0,6131549
2016-01-26,2182.0,2200.0,2133.0,2185.0,7798987
2016-01-27,2185.0,2233.0,2179.0,2200.0,9961167
2016-01-28,2225.0,2246.0,2200.0,2227.0,5377067
2016-01-29,2250.0,2288.0,2204.0,2279.0,11753005
2016-02-01,2279.0,2325.0,2265.0,2312.0,5790403
2016-02-02,2340.0,2340.0,2235.0,2238.0,4333046
2016-02-03,2235.0,2286.0,2235.0,2275.0,5368197
2016-02-04,2300.0,2370.0,2283.0,2340.0,8117155
2016-02-05,2275.0,2340.0,2274.0,2324.0,4490973
2016-02-08,2331.0,2331.0,2252.0,2291.0,5102357
2016-02-09,2250.0,2273.0,2225.0,2252.0,7589228
2016-02-10,2240.0,2298.0,2240.0,2298.0,3751081
2016-02-11,2251.0,2354.0,2251.0,2325.0,6575737
2016-02-12,2325.0,2387.0,2287.0,2360.0,7074156
2016-02-15,2360.0,2457.0,2360.0,2414.0,8440828
2016-02-16,2420.0,2483.0,2406.0,2419.0,7062682
2016-02-17,2427.0,2489.0,2420.0,2489.0,8947200
2016-02-18,2420.0,2513.0,2420.0,2491.0,9410693
2016-02-19,2475.0,2509.0,2453.0,2470.0,8451088
2016-02-22,2423.0,2487.0,2423.0,2479.0,6841463
2016-02-23,2475.0,2499.0,2426.0,2492.0,8294564
2016-02-24,2427.0,2490.0,2392.0,2398.0,10440662
2016-02-25,2424.0,2445.0,2370.0,2398.0,9465725
2016-02-26,2490.0,2490.0,2370.0,2424.0,8563934
2016-02-29,2424.0,2424.0,2371.0,2419.0,7466442
2016-03-01,2419.0,2463.0,2391.0,2436.0,5708633
2016-03-02,2489.0,2489.0,2291.0,2432.0,7122258
2016-03-03,2444.0,2446.0,2414.0,2436.0,8571473
2016-03-04,2432.0,2436.0,2413.0,2420.0,7862431
2016-03-07,2380.0,2462.0,2380.0,2462.0,4284506
2016-03-08,2455.0,2480.0,2402.0,2421.0,5448426
2016-03-09,2421.0,2466.0,2417.0,2449.0,5047421
2016-03-10,2450.0,2495.0,2420.0,2479.0,4694921
2016-03-11,2480.0,2537.0,2426.0,2500.0,4867247
2016-03-14,2498.0,2559.0,2493.0,2540.0,10458297
2016-03-15,2540.0,2544.0,2479.0,2515.0,6819174
2016-03-16,2500.0,2527.0,2465.0,2470.0,5673429
2016-03-17,2495.0,2567.0,2493.0,2525.0,24030441
2016-03-18,2548.0,2550.0,2530.0,2550.0,16643182
2016-03-22,2455.0,2560.0,2455.0,2547.0,7295246
2016-03-23,2472.0,2550.0,2472.0,2550.0,6771265
2016-03-24,2490.0,2490.0,2410.0,2444.0,4173523
2016-03-29,2464.0,2465.0,2401.0,2455.0,4419949
2016-03-30,2450.0,2465.0,2433.0,2460.0,9762291
2016-03-31,2455.0,2466.0,2429.0,2457.0,8041636
2016-04-01,2428.0,2460.0,2411.0,2455.0,4572498
2016-04-04,2456.0,2460.0,2436.0,2460.0,4425141
2016-04-05,2452.0,2460.0,2402.0,2453.0,3710463
2016-04-06,2445.0,2445.0,2359.0,2379.0,7826755
2016-04-07,2400.0,2421.0,2353.0,2421.0,4741450
2016-04-08,2431.0,2443.0,2368.0,2410.0,4751996
2016-04-11,2415.0,2440.0,2366.0,2410.0,9067236
2016-04-12,2410.0,2455.0,2390.0,2450.0,4414107
2016-04-13,2450.0,2460.0,2421.0,2452.0,5780386
2016-04-14,2450.0,2469.0,2442.0,2463.0,4964979
2016-04-15,2463.0,2465.0,2426.0,2451.0,2528462
2016-04-18,2430.0,2469.0,2405.0,2469.0,3216828
2016-04-19,2455.0,2500.0,2453.0,2499.0,6492042
2016-04-20,2496.0,2515.0,2479.0,2500.0,4977789
2016-04-21,2501.0,2526.0,2479.0,2503.0,8387008
2016-04-22,2505.0,2533.0,2466.0,2494.0,5264673
2016-04-25,2494.0,2496.0,2450.0,2489.0,3149496
2016-04-26,2500.0,2507.0,2483.0,2507.0,4638053
2016-04-28,2489.0,2527.0,2466.0,2506.0,5055137
2016-04-29,2500.0,2549.0,2470.0,2515.0,4770706
2016-05-03,2501.0,2524.0,2421.0,2431.0,6681127
2016-05-04,2429.0,2446.0,2392.0,2416.0,6812607
2016-05-05,2410.0,2418.0,2376.0,2388.0,5192679
2016-05-06,2388.0,2388.0,2321.0,2357.0,8038316
2016-05-09,2368.0,2434.0,2362.0,2399.0,5915549
2016-05-10,2399.0,2412.0,2345.0,2355.0,6153212
2016-05-11,2345.0,2381.0,2331.0,2378.0,2702706
2016-05-12,2381.0,2390.0,2312.0,2384.0,4420702
2016-05-13,2350.0,2350.0,2290.0,2333.0,10177491
2016-05-16,2350.0,2350.0,2282.0,2294.0,6131046
2016-05-17,2296.0,2325.0,2285.0,2325.0,7273519
2016-05-18,2312.0,2345.0,2289.0,2345.0,6753408
2016-05-19,2325.0,2350.0,2310.0,2341.0,4217263
2016-05-20,2342.0,2367.0,2329.0,2363.0,4465157
2016-05-23,2368.0,2390.0,2350.0,2386.0,3428127
2016-05-24,2357.0,2384.0,2344.0,2357.0,5994722
2016-05-25,2386.0,2444.0,2383.0,2408.0,6824391
2016-05-26,2414.0,2420.0,2389.0,2389.0,5649891
2016-05-27,2400.0,2414.0,2382.0,2397.0,4449200
2016-05-30,2385.0,2397.0,2375.0,2383.0,3808194
2016-05-31,2383.0,2395.0,2347.0,2350.0,29175688
2016-06-01,2354.0,2425.0,2354.0,2415.0,6123431
2016-06-02,2415.0,2479.0,2401.0,2443.0,7517790
2016-06-03,2448.0,2500.0,2439.0,2500.0,5598600
2016-06-06,2508.0,2550.0,2495.0,2535.0,7752998
2016-06-07,2540.0,2548.0,2492.0,2521.0,6891498
2016-06-08,2523.0,2532.0,2472.0,2497.0,8219702
2016-06-09,2500.0,2506.0,2457.0,2499.0,5927224
2016-06-10,2475.0,2514.0,2475.0,2511.0,4667127
2016-06-13,2475.0,2507.0,2425.0,2468.0,9293644
2016-06-14,2468.0,2480.0,2394.0,2415.0,13516166
2016-06-15,2410.0,2455.0,2396.0,2455.0,21325288
2016-06-17,2410.0,2486.0,2410.0,2463.0,13339915
2016-06-20,2500.0,2500.0,2421.0,2430.0,4757855
2016-06-21,2430.0,2477.0,2415.0,2464.0,4763882
2016-06-22,2464.0,2506.0,2450.0,2495.0,6752268
2016-06-23,2501.0,2501.0,2441.0,2472.0,3121139
2016-06-24,2350.0,2469.0,2337.0,2452.0,10143394
2016-06-27,2442.0,2442.0,2356.0,2399.0,8524353
2016-06-28,2400.0,2504.0,2391.0,2480.0,10381434
2016-06-29,2455.0,2547.0,2450.0,2547.0,9177156
2016-06-30,2549.0,2569.0,2523.0,2568.0,7646662
2016-07-01,2525.0,2568.0,2514.0,2538.0,5579129
2016-07-04,2548.0,2557.0,2533.0,2557.0,4617429
2016-07-05,2540.0,2569.0,2519.0,2549.0,8505958
2016-07-06,2520.0,2535.0,2466.0,2526.0,5872116
2016-07-07,2535.0,2560.0,2519.0,2523.0,4361684
2016-07-08,2500.0,2560.0,2489.0,2560.0,3701249
2016-07-11,2575.0,2646.0,2564.0,2640.0,7668418
2016-07-12,2630.0,2735.0,2622.0,2679.0,15297200
2016-07-13,2679.0,2679.0,2616.0,2630.0,5840476
2016-07-14,2630.0,2675.0,2611.0,2660.0,8236940
2016-07-15,2639.0,2660.0,2617.0,2625.0,4679067
2016-07-18,2625.0,2652.0,2606.0,2640.0,4740329
2016-07-19,2635.0,2643.0,2619.0,2635.0,5541596
2016-07-20,2635.0,2642.0,2620.0,2635.0,7532317
2016-07-21,2655.0,2655.0,2616.0,2650.0,5515301
2016-07-22,2617.0,2650.0,2611.0,2644.0,4602511
2016-07-25,2649.0,2665.0,2630.0,2660.0,7278660
2016-07-26,2665.0,2669.0,2633.0,2663.0,12936164
2016-07-27,2669.0,2683.0,2664.0,2680.0,10999848
2016-07-28,2680.0,2680.0,2632.0,2660.0,6836100
2016-07-29,2660.0,2660.0,2635.0,2635.0,6947469
2016-08-01,2672.0,2672.0,2641.0,2652.0,4527358
2016-08-02,2640.0,2652.0,2616.0,2640.0,5936416
2016-08-04,2660.0,2660.0,2633.0,2645.0,4579953
2016-08-05,2638.0,2649.0,2594.0,2640.0,5897840
2016-08-08,2620.0,2655.0,2620.0,2648.0,2828798
2016-08-10,2620.0,2714.0,2620.0,2700.0,13457185
2016-08-11,2688.0,2725.0,2673.0,2725.0,3521092
2016-08-12,2720.0,2776.0,2709.0,2750.0,7633678
2016-08-15,2746.0,2776.0,2722.0,2735.0,7916002
2016-08-16,2726.0,2755.0,2699.0,2734.0,8958789
2016-08-17,2725.0,2756.0,2711.0,2730.0,9961740
2016-08-18,2723.0,2775.0,2720.0,2754.0,4992774
2016-08-19,2765.0,2770.0,2737.0,2750.0,7138425
2016-08-22,2743.0,2753.0,2725.0,2749.0,5121340
2016-08-23,2750.0,2754.0,2739.0,2744.0,6484458
2016-08-24,2729.0,2729.0,2594.0,2612.0,15452153
2016-08-25,2622.0,2678.0,2610.0,2610.0,13658376
2016-08-26,2618.0,2637.0,2576.0,2590.0,8081831
2016-08-29,2600.0,2611.0,2545.0,2550.0,8512259
2016-08-30,2569.0,2586.0,2541.0,2550.0,6900592
2016-08-31,2559.0,2560.0,2524.0,2543.0,12359836
2016-09-01,2544.0,2545.0,2437.0,2490.0,8557079
2016-09-02,2490.0,2554.0,2473.0,2525.0,5332599
2016-09-05,2530.0,2549.0,2496.0,2525.0,9885786
2016-09-06,2535.0,2635.0,2528.0,2613.0,5945998
2016-09-07,2613.0,2649.0,2588.0,2604.0,6187687
2016-09-08,2612.0,2620.0,2561.0,2575.0,6532428
2016-09-09,2575.0,2575.0,2529.0,2554.0,7070895
2016-09-12,2531.0,2531.0,2485.0,2515.0,7014131
2016-09-13,2510.0,2531.0,2509.0,2520.0,7629289
2016-09-14,2528.0,2556.0,2515.0,2530.0,6316364
2016-09-15,2547.0,2560.0,2519.0,2532.0,22658962
2016-09-16,2532.0,2538.0,2493.0,2510.0,11216272
2016-09-19,2513.0,2571.0,2510.0,2571.0,5563470
2016-09-20,2531.0,2569.0,2527.0,2542.0,6879555
2016-09-21,2520.0,2520.0,2415.0,2415.0,7678138
2016-09-22,2450.0,2545.0,2450.0,2514.0,7298231
2016-09-23,2550.0,2550.0,2494.0,2523.0,6494546
2016-09-26,2530.0,2577.0,2505.0,2525.0,7245837
2016-09-27,2550.0,2554.0,2468.0,2488.0,6785878
2016-09-28,2508.0,2536.0,2490.0,2531.0,4812394
2016-09-29,2558.0,2575.0,2490.0,2521.0,4884778
2016-09-30,2508.0,2531.0,2487.0,2531.0,9104068
2016-10-03,2537.0,2560.0,2508.0,2513.0,5326788
2016-10-04,2505.0,2584.0,2505.0,2558.0,5258499
2016-10-05,2537.0,2554.0,2510.0,2522.0,4753500
2016-10-06,2510.0,2542.0,2488.0,2526.0,4760092
2016-10-07,2503.0,2545.0,2484.0,2516.0,3359270
2016-10-10,2516.0,2532.0,2515.0,2521.0,2780649
2016-10-11,2522.0,2522.0,2427.0,2465.0,7331991
2016-10-12,2470.0,2479.0,2445.0,2455.0,4346670
2016-10-13,2455.0,2455.0,2401.0,2420.0,8627797
2016-10-14,2411.0,2473.0,2395.0,2453.0,4785787
2016-10-17,2421.0,2463.0,2421.0,2460.0,3238331
2016-10-18,2457.0,2527.0,2457.0,2495.0,4870494
2016-10-19,2480.0,2529.0,2480.0,2510.0,3038938
2016-10-20,2510.0,2510.0,2480.0,2495.0,2824433
2016-10-21,2499.0,2546.0,2468.0,2546.0,5929102
2016-10-24,2550.0,2584.0,2548.0,2566.0,3888919
2016-10-25,2532.0,2555.0,2518.0,2534.0,2719820
2016-10-26,2514.0,2556.0,2493.0,2511.0,3317321
2016-10-27,2515.0,2530.0,2473.0,2497.0,3431475
2016-10-28,2503.0,2516.0,2445.0,2484.0,3377403
2016-10-31,2484.0,2532.0,2442.0,2514.0,5685882
2016-11-01,2514.0,2521.0,2475.0,2520.0,2926261
2016-11-02,2498.0,2550.0,2437.0,2550.0,6490958
2016-11-03,2506.0,2571.0,2470.0,2567.0,7371809
2016-11-04,2520.0,2554.0,2485.0,2505.0,6013267
2016-11-07,2480.0,2519.0,2475.0,2515.0,5241811
2016-11-08,2535.0,2570.0,2509.0,2557.0,4446713
2016-11-09,2488.0,2567.0,2440.0,2519.0,2904199
2016-11-10,2555.0,2555.0,2453.0,2453.0,4185783
2016-11-11,2453.0,2470.0,2414.0,2440.0,11698357
2016-11-14,2425.0,2456.0,2371.0,2371.0,8391438
2016-11-15,2409.0,2460.0,2361.0,2449.0,8289338
2016-11-16,2450.0,2470.0,2408.0,2431.0,9066695
2016-11-17,2445.0,2480.0,2430.0,2471.0,6861081
2016-11-18,2480.0,2480.0,2447.0,2475.0,7329450
2016-11-21,2475.0,2485.0,2450.0,2484.0,3875735
2016-11-22,2490.0,2499.0,2460.0,2483.0,7299405
2016-11-23,2483.0,2499.0,2466.0,2466.0,6951099
2016-11-24,2489.0,2489.0,2433.0,2454.0,3198897
2016-11-25,2469.0,2469.0,2411.0,2467.0,4384060
2016-11-28,2475.0,2499.0,2472.0,2477.0,5244320
2016-11-29,2480.0,2516.0,2431.0,2474.0,4529144
2016-11-30,2500.0,2505.0,2465.0,2488.0,9883203
2016-12-01,2502.0,2512.0,2441.0,2450.0,5480265
2016-12-02,2425.0,2447.0,2413.0,2421.0,3616131
2016-12-05,2410.0,2474.0,2410.0,2460.0,4057738
2016-12-06,2460.0,2482.0,2439.0,2439.0,3693284
2016-12-07,2441.0,2485.0,2428.0,2453.0,5992965
2016-12-08,2470.0,2470.0,2439.0,2450.0,6757242
2016-12-09,2465.0,2515.0,2444.0,2515.0,5383469
2016-12-12,2515.0,2525.0,2483.0,2512.0,5671415
2016-12-13,2500.0,2551.0,2472.0,2551.0,5796804
2016-12-14,2550.0,2560.0,2515.0,2540.0,3711686
2016-12-15,2506.0,2552.0,2442.0,2442.0,27119867
2016-12-19,2530.0,2530.0,2426.0,2466.0,3989005
2016-12-20,2470.0,2541.0,2466.0,2533.0,5527184
2016-12-21,2500.0,2545.0,2500.0,2519.0,2837346
2016-12-22,2515.0,2530.0,2467.0,2511.0,3475062
2016-12-23,2498.0,2504.0,2482.0,2500.0,2247721
2016-12-28,2500.0,2544.0,2497.0,2534.0,2111134
2016-12-29,2532.0,2572.0,2531.0,2566.0,2906306
2016-12-30,2570.0,2601.0,2562.0,2589.0,3109250
2017-01-03,2589.0,2610.0,2535.0,2595.0,3618831
2017-01-04,2600.0,2607.0,2545.0,2607.0,3031663
2017-01-05,2575.0,2609.0,2547.0,2570.0,3440552
2017-01-06,2515.0,2619.0,2515.0,2610.0,3431424
2017-01-09,2610.0,2650.0,2588.0,2623.0,1952014
2017-01-10,2623.0,2635.0,2579.0,2628.0,4087122
2017-01-11,2629.0,2650.0,2594.0,2639.0,5119058
2017-01-12,2639.0,2650.0,2590.0,2616.0,3279555
2017-01-13,2649.0,2657.0,2607.0,2650.0,5447352
2017-01-16,2570.0,2673.0,2570.0,2640.0,3927619
2017-01-17,2585.0,2650.0,2585.0,2610.0,11727133
2017-01-18,2610.0,2640.0,2602.0,2633.0,6942345
2017-01-19,2600.0,2639.0,2600.0,2638.0,3377398
2017-01-20,2605.0,2635.0,2600.0,2625.0,2626514
2017-01-23,2625.0,2632.0,2597.0,2630.0,2834511
2017-01-24,2581.0,2650.0,2581.0,2620.0,4559771
2017-01-25,2610.0,2684.0,2610.0,2639.0,3369349
2017-01-26,2649.0,2662.0,2635.0,2662.0,6093893
2017-01-27,2670.0,2670.0,2602.0,2630.0,4167907
2017-01-30,2620.0,2628.0,2590.0,2628.0,4417174
2017-01-31,2595.0,2640.0,2595.0,2630.0,5542498
2017-02-01,2620.0,2634.0,2600.0,2602.0,4123042
2017-02-02,2600.0,2634.0,2565.0,2609.0,6370992
2017-02-03,2630.0,2630.0,2562.0,2608.0,4567120
2017-02-06,2577.0,2619.0,2577.0,2587.0,3737207
2017-02-07,2605.0,2606.0,2574.0,2602.0,3466782
2017-02-08,2565.0,2600.0,2545.0,2574.0,6557317
2017-02-09,2600.0,2603.0,2550.0,2584.0,10355982
2017-02-10,2600.0,2637.0,2589.0,2636.0,11696472
2017-02-13,2640.0,2652.0,2606.0,2645.0,8824836
2017-02-14,2640.0,2669.0,2632.0,2660.0,7337010
2017-02-15,2650.0,2700.0,2650.0,2697.0,8856498
2017-02-16,2700.0,2700.0,2687.0,2696.0,6082414
2017-02-17,2695.0,2712.0,2671.0,2693.0,4104379
2017-02-20,2693.0,2715.0,2688.0,2701.0,7367411
2017-02-21,2700.0,2700.0,2661.0,2691.0,7005451
2017-02-22,2665.0,2690.0,2641.0,2664.0,5327654
2017-02-23,2674.0,2683.0,2635.0,2671.0,8539204
2017-02-24,2650.0,2692.0,2650.0,2692.0,10495338
2017-02-27,2692.0,2705.0,2660.0,2674.0,4064072
2017-02-28,2673.0,2680.0,2607.0,2648.0,7757324
2017-03-01,2680.0,2680.0,2584.0,2667.0,8375177
2017-03-02,2668.0,2680.0,2628.0,2656.0,4361745
2017-03-03,2656.0,2695.0,2594.0,2689.0,4456130
2017-03-06,2620.0,2709.0,2620.0,2700.0,3887504
2017-03-07,2700.0,2739.0,2676.0,2712.0,6220093
2017-03-08,2712.0,2737.0,2696.0,2706.0,5643416
2017-03-09,2682.0,2720.0,2681.0,2715.0,5988959
2017-03-10,2715.0,2735.0,2693.0,2731.0,6342367
2017-03-13,2750.0,2750.0,2700.0,2749.0,5257690
2017-03-14,2710.0,2813.0,2710.0,2774.0,11062403
2017-03-15,2787.0,2793.0,2753.0,2770.0,7450894
2017-03-16,2776.0,2817.0,2751.0,2817.0,22688679
2017-03-17,2812.0,2814.0,2719.0,2740.0,15099563
2017-03-20,2740.0,2766.0,2723.0,2756.0,3436246
2017-03-22,2690.0,2740.0,2648.0,2660.0,8814192
2017-03-23,2660.0,2675.0,2635.0,2647.0,6439327
2017-03-24,2641.0,2674.0,2625.0,2655.0,5019156
2017-03-27,2626.0,2674.0,2611.0,2630.0,5220294
2017-03-28,2640.0,2640.0,2585.0,2625.0,6703914
2017-03-29,2631.0,2647.0,2579.0,2623.0,8527132
2017-03-30,2633.0,2633.0,2581.0,2629.0,3726448
2017-03-31,2500.0,2641.0,2489.0,2590.0,15436101
